SDSS_name,objID,A1,env_label
SDSS J143822.02+272010.6,1237665351318503492,0.06,F
SDSS J130229.86+495728.2,1237661151915278390,0.05,Sh
SDSS J104847.36+233407.3,1237667550880923881,0.07,C
SDSS J075242.43+520132.2,1237663788491997393,0.06,
SDSS J085725.48+175507.1,1237667292650406067,0.06,F
SDSS J090949.19+195126.9,1237667293725655266,0.06,C
SDSS J094740.50+213815.1,1237667429559566437,0.07,F
SDSS J110118.16+091712.0,1237671931209646193,0.1,C
SDSS J121829.56+353720.0,1237665129080684597,0.09,Sh
SDSS J131350.18+170434.5,1237668590265565207,0.06,F
SDSS J145657.09+344928.7,1237662194003345518,0.05,F
SDSS J075829.63+473911.2,1237663546899628267,0.07,
SDSS J122417.89+320846.3,1237665329852776542,0.12,C
SDSS J005519.78-103227.4,1237652629104558190,0.05,
SDSS J163049.46+292401.6,1237662300838101102,0.06,
SDSS J123144.00+280850.5,1237667444045971552,0.1,F
SDSS J084706.98+275225.0,1237664094510907472,0.09,F
SDSS J081522.30+224345.5,1237664093970235666,0.06,
SDSS J171228.43+305434.7,1237655502426079358,0.07,
SDSS J135020.56+331841.9,1237665025450180672,0.05,F
SDSS J083255.85+200426.6,1237667143398785335,0.06,V
SDSS J130701.55+160025.5,1237668588654231692,0.08,F
SDSS J020939.47+135859.5,1237670960544546959,0.03,
SDSS J123819.97+191952.5,1237667914885365865,0.07,Sh
SDSS J121426.30+241055.4,1237667910592692319,0.1,F
SDSS J075430.67+254857.5,1237657627894284807,0.09,
SDSS J083054.12+201452.9,1237673807047098536,0.1,Sh
SDSS J030119.81+005155.5,1237678437018829019,0.06,
SDSS J074731.12+173932.6,1237673808653058765,0.11,
SDSS J145605.88+342854.5,1237662193466474523,0.04,Sh
SDSS J133940.29+350124.1,1237664672182501563,0.07,F
SDSS J145607.10+221248.6,1237665549430292708,0.09,Sh
SDSS J104758.15+251004.1,1237667429565792368,0.06,F
SDSS J122117.42+254829.7,1237667448340611259,0.07,Sh
SDSS J110718.69+225631.2,1237667549272145983,0.11,F
SDSS J095928.28+210828.5,1237667542290530484,0.02,C
SDSS J114140.11-021446.6,1237671128050893040,0.07,
SDSS J120242.68+095414.3,1237674599999471779,0.07,C
SDSS J081309.98+114830.0,1237667731805503936,0.06,
SDSS J122949.38+222219.7,1237667735046717476,0.03,F
SDSS J145454.00+185012.0,1237667783924383923,0.05,C
SDSS J031651.22+411520.7,1237661083199079644,0.09,
SDSS J115604.81+053110.2,1237671141483741382,0.11,F
SDSS J142235.46+201207.5,1237667783384105171,0.06,F
SDSS J102638.59+374628.8,1237661381702647942,0.13,F
SDSS J020635.19+123113.1,1237653650774687851,0.06,
SDSS J090652.36+412107.8,1237657775543746785,0.07,F
SDSS J113853.58+524248.9,1237657857682309232,0.05,F
SDSS J104005.81+073402.2,1237658424627626102,0.13,F
SDSS J122202.40+103714.9,1237658493355491395,0.04,C
SDSS J163452.41+401141.1,1237655374110392422,0.06,
SDSS J142728.67+450032.1,1237661210970816707,0.05,F
SDSS J101421.56+383303.7,1237661383849279613,0.04,C
SDSS J084149.17+504711.1,1237651190820634755,0.06,F
SDSS J143437.29+025256.6,1237651737384452177,0.08,C
SDSS J113154.49+534458.5,1237658800961159186,0.08,F
SDSS J114634.65+031542.2,1237654030867693680,0.07,Sh
SDSS J004551.93-091941.5,1237652630714122400,0.06,
SDSS J024050.03-075832.5,1237653502044668058,0.12,
SDSS J122035.28+505805.7,1237658614132965517,0.08,F
SDSS J133743.34+451742.9,1237661433777422588,0.05,F
SDSS J114535.04+121217.7,1237661949714038923,0.1,V
SDSS J152052.24+483938.4,1237659163343716381,0.02,C
SDSS J132955.11+485049.8,1237661151380439178,0.1,Sh
SDSS J074905.77+283710.0,1237657118404444790,0.04,
SDSS J090656.56+461216.0,1237657770705289247,0.06,C
SDSS J163301.95+423800.6,1237655349969420588,0.13,
SDSS J100535.94+511613.8,1237657632191021271,0.09,Sh
SDSS J115213.07+102149.9,1237658493352280166,0.1,Sh
SDSS J084408.26+344302.0,1237658191613329449,0.06,Sh
SDSS J122350.36+084351.4,1237661977084493935,0.06,F
SDSS J023845.64-090312.8,1237652899691495566,0.06,
SDSS J163256.48+311548.8,1237659152608788758,0.09,
SDSS J094246.29+041734.0,1237654602098409561,0.06,Sh
SDSS J124830.93+501114.2,1237658205050372341,0.12,F
SDSS J105159.20+085641.5,1237658492271984939,0.1,F
SDSS J091646.39+442354.4,1237657242432962703,0.03,F
SDSS J113204.54+535533.0,1237657589783462029,0.03,C
SDSS J120500.87+390438.8,1237664667370586197,0.07,F
SDSS J094456.56+310552.2,1237664836471619657,0.14,Sh
SDSS J165223.95+280823.5,1237666226953781664,0.07,
SDSS J131804.32+411734.6,1237661966897971261,0.06,F
SDSS J132944.78+100104.0,1237662264311349433,0.06,F
SDSS J132356.91+152449.1,1237662531134226597,0.05,C
SDSS J122525.47+285638.3,1237667252942602358,0.06,Sh
SDSS J103353.36+111225.4,1237661949706305665,0.09,F
SDSS J144140.51+040347.1,1237654880202522861,0.06,C
SDSS J102518.70+280320.3,1237667255615488070,0.04,F
SDSS J160918.50+343018.0,1237662301371957500,0.07,
SDSS J094704.10+123327.1,1237664106851008688,0.03,F
SDSS J111108.60+313552.1,1237665369043959893,0.1,Sh
SDSS J102158.01+241145.1,1237667430100041836,0.12,F
SDSS J154138.32+341130.0,1237661463838916805,0.07,
SDSS J143442.17+094927.0,1237661949195321652,0.07,C
SDSS J074115.73+290804.6,1237657595145290053,0.07,
SDSS J133546.45+260606.5,1237665531707850900,0.06,F
SDSS J085729.44+222511.5,1237667142864666755,0.05,V
SDSS J115232.64+502726.1,1237658205583376506,0.09,F
SDSS J144451.59+301451.7,1237665103287353402,0.06,F
SDSS J125652.28+262915.7,1237667322186891379,0.08,C
SDSS J074706.23+171406.0,1237674370750677656,0.07,
SDSS J151623.02+082720.7,1237661949199843650,0.06,F
SDSS J152526.69+090550.5,1237661950274568383,0.1,F
SDSS J160107.95+223144.9,1237665103295545506,0.08,
SDSS J124917.58+052354.9,1237671763178356833,0.07,F
SDSS J153819.25+135404.7,1237668311627006080,0.11,F
SDSS J113850.98+193605.2,1237667915416142002,0.13,C
SDSS J095131.13+152357.2,1237670964315095160,0.07,F
SDSS J100623.86+241226.2,1237667431172276306,0.1,Sh
SDSS J084828.26+012350.1,1237653664714129811,0.07,F
SDSS J132746.97+174643.8,1237668591340748813,0.09,F
SDSS J122048.32+222330.3,1237667735045800128,0.11,F
SDSS J165105.08+261638.8,1237662500012949942,0.06,
SDSS J155907.45+523416.4,1237655130908590237,0.06,
SDSS J142801.80+275655.6,1237665351317454928,0.07,F
SDSS J122719.96+310157.4,1237665443123298334,0.06,F
SDSS J215736.70+065301.8,1237669698907078925,0.04,
SDSS J125952.16+013825.2,1237651752943157333,0.03,Sh
SDSS J083233.47+435845.1,1237654653102129361,0.12,F
SDSS J091850.50+533315.0,1237654382515519637,0.06,Sh
SDSS J033653.91-064943.5,1237652900234723630,0.05,
SDSS J153637.69+471826.7,1237659324413444219,0.07,F
SDSS J094446.79+071356.8,1237660583367868440,0.06,F
SDSS J091837.96+375206.1,1237660635989213284,0.06,Sh
SDSS J165914.69+334357.9,1237655473435050048,0.14,
SDSS J014545.08+125618.7,1237649918433755294,0.1,
SDSS J112934.48+150627.0,1237661070331609422,0.13,F
SDSS J134631.58+051234.9,1237655126092611874,0.04,V
SDSS J100836.84+383849.3,1237661384385691870,0.07,Sh
SDSS J104608.28+123658.9,1237661068179472527,0.08,F
SDSS J160747.92+391141.1,1237661386004824207,0.1,
SDSS J111856.45+033527.1,1237655123929071719,0.08,Sh
SDSS J080112.74+253323.0,1237660562968609040,0.08,
SDSS J015244.40+131133.2,1237649918971347047,0.04,
SDSS J161124.82+501356.8,1237655130909900963,0.04,
SDSS J131314.02+610254.1,1237655463771504782,0.04,
SDSS J102920.00+531644.2,1237657610723459195,0.05,F
SDSS J122757.03+482412.5,1237661358618706049,0.05,F
SDSS J134000.09+570832.1,1237661388676137047,0.07,F
SDSS J105436.81+555800.3,1237657771250614418,0.06,F
SDSS J143630.38+112341.2,1237662528457736263,0.05,F
SDSS J124001.19+475902.3,1237661362368020545,0.07,Sh
SDSS J132311.86+131309.9,1237661951335071754,0.09,Sh
SDSS J161132.75+334738.1,1237662498934227135,0.07,
SDSS J150750.69+573620.4,1237671768535400646,0.05,F
SDSS J090046.55+294849.0,1237661382230999331,0.06,Sh
SDSS J103539.30+283356.8,1237667255616471087,0.1,V
SDSS J084252.17+253833.7,1237664092899442880,0.09,V
SDSS J135649.45+254231.2,1237665532246818908,0.06,C
SDSS J101954.79+244710.1,1237667293733060759,0.07,F
SDSS J100239.68+240917.0,1237667294268227667,0.05,Sh
SDSS J121340.80+021115.7,1237651753474916473,0.08,Sh
SDSS J090124.57+101200.6,1237664286709907676,0.09,V
SDSS J140307.14+092146.9,1237662238014439648,0.07,F
SDSS J111250.68+300332.4,1237667255620075617,0.06,C
SDSS J125634.63+271339.2,1237667323260567703,0.11,C
SDSS J152850.49+132607.5,1237668271374336340,0.09,Sh
SDSS J141817.42+255043.1,1237665440986693745,0.05,Sh
SDSS J092108.40+213828.5,1237667253461057751,0.07,F
SDSS J150718.12+403911.4,1237661210437681276,0.07,C
SDSS J112731.48+565830.5,1237661417665528016,0.07,C
SDSS J113630.23+131346.9,1237661813880848471,0.09,F
SDSS J120944.10+371935.4,1237664818750423132,0.04,C
SDSS J133910.83+285733.1,1237665442593308752,0.09,Sh
SDSS J155759.97+194033.0,1237665535467716844,0.08,
SDSS J141129.00+240218.9,1237665548352028823,0.05,F
SDSS J130456.96+395529.7,1237662225681875125,0.06,F
SDSS J160536.53+181622.7,1237665534931829148,0.04,
SDSS J003654.34-010745.0,1237663782590808207,0.06,
SDSS J160440.82+145450.2,1237665566618485198,0.11,
SDSS J215759.85-072749.5,1237666210884550902,0.07,
SDSS J102317.39+150139.5,1237668495236464802,0.09,F
SDSS J020757.71-043915.1,1237679254133538894,0.1,
SDSS J113518.35-024626.6,1237671129660981478,0.11,
SDSS J130515.33+354316.8,1237664671642550328,0.07,F
SDSS J141126.20+311608.6,1237665101673595066,0.05,F
SDSS J161912.24+140904.9,1237665531188478406,0.1,
SDSS J114253.19+201046.0,1237668294449496067,0.05,C
SDSS J151331.02+152132.9,1237668311624253779,0.07,Sh
SDSS J115728.80+163122.3,1237668623010103434,0.05,Sh
SDSS J115723.50+043234.9,1237671128054366246,0.05,F
SDSS J081305.68+491511.3,1237651496296644663,0.1,
SDSS J114344.41+230024.1,1237667736115806367,0.11,C
SDSS J155940.45+115830.1,1237668311092560074,0.07,
SDSS J132330.79+134622.3,1237662528986742874,0.06,C
SDSS J112855.56+032432.6,1237651755080679543,0.06,F
SDSS J091708.48+195233.8,1237667430093226041,0.08,C
SDSS J112733.79+282733.7,1237667252937031718,0.06,F
SDSS J142813.40+204428.5,1237667910606258422,0.05,Sh
SDSS J095232.80+154936.6,1237670964852097155,0.03,F
SDSS J100226.37+135632.7,1237671123230523531,0.08,C
SDSS J134613.22-032305.4,1237671990269837527,0.1,
SDSS J115522.76+350210.3,1237665128541716634,0.13,F
SDSS J161049.77+190550.7,1237665536542769440,0.07,
SDSS J162615.68+101408.6,1237668272454369701,0.05,
SDSS J171910.04+644827.8,1237671769079808322,0.09,
SDSS J102707.57+012934.4,1237651752926445722,0.09,F
SDSS J003248.17+144738.1,1237653651838402681,0.08,
SDSS J160323.51+473121.1,1237655348892598387,0.06,
SDSS J150345.78+424158.6,1237661212047573100,0.08,Sh
SDSS J122506.90+603332.3,1237658607682846750,0.06,
SDSS J141759.53+184424.2,1237668273514021101,0.06,F
SDSS J100920.11+104635.8,1237660670353604870,0.11,F
SDSS J150937.40+450804.4,1237662501074567336,0.06,Sh
SDSS J100430.24+370354.6,1237661137958994007,0.11,C
SDSS J151059.66+082920.9,1237662198283633002,0.08,C
SDSS J134535.48+262052.1,1237665549959954543,0.06,C
SDSS J101650.92+114648.2,1237661068176326733,0.06,Sh
SDSS J171509.62+341237.0,1237654953746563742,0.1,
SDSS J121353.86+564129.3,1237661352170029218,0.07,C
SDSS J135355.99+215954.7,1237667910065848464,0.04,F
SDSS J154638.89+535038.7,1237655130370736146,0.07,
SDSS J223848.14+000816.9,1237663479261561099,0.13,
SDSS J122617.36+452437.7,1237661873477779743,0.06,Sh
SDSS J231706.07-100720.9,1237653440836862056,0.06,
SDSS J152837.93+422631.2,1237662302977720438,0.04,F
SDSS J165139.11+234237.5,1237662337871904959,0.08,
SDSS J133430.04+134814.8,1237664289936310441,0.1,F
SDSS J150411.78+072723.1,1237662237484253190,0.07,F
SDSS J114001.93+611808.5,1237653616937402441,0.07,
SDSS J104218.24+190653.2,1237668290159706225,0.07,F
SDSS J125953.28+041822.7,1237654879654576254,0.05,Sh
SDSS J133848.17+602643.7,1237655369292251170,0.04,
SDSS J132758.98+454533.9,1237661433776636049,0.05,F
SDSS J091601.80+173523.3,1237667537465704588,0.08,C
SDSS J100549.50+181551.5,1237667781747146934,0.05,F
SDSS J150004.51+252701.6,1237665178988642372,0.04,F
SDSS J143711.49+055120.7,1237655743479480646,0.04,C
SDSS J131108.62+391336.6,1237664294757793834,0.09,C
SDSS J163437.56+263735.4,1237662337332936818,0.06,
SDSS J095557.05+133315.1,1237671123229802623,0.07,C
SDSS J103627.89+445257.7,1237660635996291172,0.06,F
SDSS J142336.57+482610.2,1237662302435213466,0.03,C
SDSS J075759.49+460048.1,1237651273493971258,0.07,
SDSS J075054.67+502342.3,1237663787954405708,0.12,
SDSS J150133.36+490644.8,1237661416605941822,0.1,C
SDSS J153422.59+233006.0,1237665373867278695,0.05,Sh
SDSS J100146.54+614954.9,1237651252565901476,0.02,
SDSS J143519.56+122820.6,1237662636903039198,0.06,F
SDSS J104916.34+262212.4,1237667431176601683,0.06,F
SDSS J172147.99+653617.0,1237651312680108095,0.07,
SDSS J144555.60+552622.1,1237659150995554432,0.07,C
SDSS J083950.76+230836.1,1237664874045964338,0.08,F
SDSS J095443.54+275506.8,1237665369573359746,0.06,Sh
SDSS J085939.27+074923.1,1237660669809131748,0.05,F
SDSS J142345.79+455552.2,1237658205057581061,0.06,F
SDSS J134934.65+281951.4,1237665429168324747,0.09,F
SDSS J150426.65+282344.3,1237665129096282317,0.05,C
SDSS J094326.51+361414.5,1237661139030900758,0.11,F
SDSS J092541.97+021422.8,1237651754530308183,0.06,F
SDSS J144208.38+273451.1,1237665351855636618,0.04,F
SDSS J120854.20+321339.7,1237665329851334762,0.08,F
SDSS J132603.20+415516.5,1237661967972368415,0.07,F
SDSS J145904.13+193514.2,1237665566074470519,0.06,F
SDSS J113314.72+442622.1,1237661872936779985,0.05,F
SDSS J133720.67+523234.9,1237659131131461763,0.05,Sh
SDSS J130820.01+130343.7,1237661950796562608,0.07,F
SDSS J151431.84+310151.4,1237662224620257470,0.07,C
SDSS J123906.85+152130.3,1237664291004219467,0.05,C
SDSS J171710.40+641938.2,1237671768542806312,0.07,
SDSS J143846.28+010657.7,1237651735237492915,0.06,F
SDSS J014602.45-001736.3,1237663783672152067,0.06,
SDSS J083713.33+471133.4,1237654390570745950,0.04,C
SDSS J115019.54+534724.2,1237657589247705256,0.06,C
SDSS J164150.39+374405.2,1237659327104418116,0.07,
SDSS J081855.65+562117.4,1237663916268126461,0.1,
SDSS J134044.20+261344.6,1237667323264893096,0.06,C
SDSS J153752.72+301020.2,1237662340010279154,0.07,F
SDSS J211414.66+000929.9,1237653012418330916,0.06,
SDSS J135248.81+212359.0,1237667783381024915,0.07,C
SDSS J212900.74+095928.9,1237656494023639392,0.09,
SDSS J091735.57+031942.8,1237654605316685877,0.04,F
SDSS J094011.10+095704.2,1237661065488040142,0.06,F
SDSS J134916.94+050513.7,1237655126092939491,0.07,C
SDSS J111035.69+584605.8,1237658303280775293,0.08,F
SDSS J141042.86+312412.5,1237665128017297584,0.07,F
SDSS J144741.81+202323.8,1237665566073290846,0.06,F
SDSS J152220.87+444732.7,1237659132213461109,0.06,F
SDSS J004052.51-001644.3,1237663783665008852,0.05,
SDSS J104913.60+233447.8,1237667550880989367,0.07,C
SDSS J115110.67+435632.8,1237661871864414422,0.07,F
SDSS J082625.38+530457.6,1237651274034577506,0.06,C
SDSS J155329.12+233445.8,1237664852043366426,0.04,
SDSS J151904.37+215051.4,1237665441529856307,0.05,C
SDSS J115340.16+532142.3,1237657630601248895,0.04,F
SDSS J134340.52+414144.9,1237662196143882397,0.06,Sh
SDSS J145059.95+134939.0,1237668332029083791,0.05,F
SDSS J123815.15+530304.0,1237657857686175868,0.07,F
SDSS J095635.17+100540.7,1237661064952938634,0.07,Sh
SDSS J133154.53-012647.8,1237655495979368500,0.05,
SDSS J113938.84+572910.5,1237657612338725043,0.08,F
SDSS J104209.42+023614.7,1237651736822218810,0.07,F
SDSS J121445.78+131935.0,1237661950790860897,0.05,C
SDSS J091740.59+400513.3,1237658205033857243,0.07,F
SDSS J114542.66+212623.4,1237667781757501622,0.04,C
SDSS J140227.02+304414.5,1237665180593291408,0.04,F
SDSS J082115.28+354515.3,1237664871354532122,0.07,F
SDSS J100715.08+085153.9,1237658493340942514,0.07,F
SDSS J095208.46+123756.5,1237661070321254721,0.06,F
SDSS J131639.93+351900.0,1237665026520711221,0.06,F
SDSS J155019.85+560755.1,1237651539260604725,0.04,
SDSS J080329.33+254418.5,1237660343925735820,0.07,
SDSS J160250.88+320841.4,1237662337329070262,0.08,
SDSS J111557.04+035050.1,1237654604255854736,0.07,Sh
SDSS J104322.72+005834.1,1237654671350956213,0.11,F
SDSS J154110.52+214541.6,1237665372794454281,0.06,
SDSS J121711.66+600613.9,1237655108377837653,0.1,
SDSS J112025.88+242946.3,1237667550884135054,0.04,F
SDSS J143653.02+120940.5,1237662529531478167,0.07,F
SDSS J153600.99+252405.4,1237662695961788732,0.11,C
SDSS J140912.00+143352.7,1237668348134883475,0.1,F
SDSS J123744.39+333708.7,1237665228380831830,0.09,F
SDSS J134215.66+210147.1,1237667735054123122,0.08,Sh
SDSS J123021.55+564729.3,1237661416595521738,0.1,C
SDSS J100450.63+350657.3,1237662225129406591,0.09,F
SDSS J150501.09+055149.2,1237662268073378023,0.09,C
SDSS J105120.43+164954.8,1237668496313286765,0.06,Sh
SDSS J012743.92-005416.9,1237657069546111052,0.05,
SDSS J161054.07-011209.9,1237648702992417025,0.05,
SDSS J113954.49+545745.1,1237657590857728170,0.06,Sh
SDSS J105105.95+131842.0,1237664131018784977,0.07,Sh
SDSS J130101.53+453905.1,1237661852546302083,0.07,Sh
SDSS J155744.79+414234.2,1237661386540318883,0.08,
SDSS J094839.73+363649.3,1237661139031359610,0.05,Sh
SDSS J155056.20+281543.8,1237662305662009763,0.07,
SDSS J123904.03+392043.4,1237664294218235966,0.07,F
SDSS J110723.33+462036.2,1237660635998716097,0.04,F
SDSS J152526.05+063545.5,1237662263250190437,0.07,C
SDSS J092657.85+654125.2,1237663916273565818,0.06,
SDSS J075548.88+163322.6,1237664874040590697,0.08,
SDSS J104303.18+153340.2,1237668584892530882,0.03,F
SDSS J092705.74+414412.6,1237658205571776767,0.07,F
SDSS J100314.33+104354.7,1237661065490596000,0.06,Sh
SDSS J122206.48+233631.4,1237667736656543913,0.06,V
SDSS J074734.28+475328.0,1237663786879615354,0.07,
SDSS J091603.03+341353.7,1237664870822576353,0.05,V
SDSS J165808.12+325859.3,1237655373577322940,0.05,
SDSS J081054.68+310759.9,1237657775000191397,0.06,
SDSS J090044.62+241755.2,1237665097923493921,0.08,V
SDSS J011059.31+002601.0,1237663784742027290,0.04,
SDSS J170005.76+224830.5,1237662474773921799,0.06,
SDSS J160132.78+162333.9,1237665531723252096,0.06,
SDSS J150813.41+373157.1,1237661852020310147,0.06,F
SDSS J164712.19+260023.8,1237662474772021552,0.08,
SDSS J120645.99+404236.5,1237664669518266420,0.06,V
SDSS J033046.94-005306.5,1237666299482865793,0.05,
SDSS J075956.58+322319.8,1237657119480152271,0.04,
SDSS J035738.39-053055.9,1237649962996138329,0.06,
SDSS J112736.97+460242.1,1237661356466700423,0.03,V
SDSS J080024.04+304038.0,1237657776609952199,0.06,
SDSS J214503.80+060218.8,1237669762792948218,0.06,
SDSS J141939.23+543947.4,1237661418749755516,0.05,C
SDSS J123918.52+424126.6,1237662195064963107,0.06,C
SDSS J075710.37+143931.4,1237667255599366211,0.05,
SDSS J100552.98+130845.3,1237661070322696268,0.04,C
SDSS J104539.19+204446.4,1237667735036100725,0.06,Sh
SDSS J102241.93+153451.8,1237668495773335738,0.07,Sh
SDSS J151646.81+040203.6,1237651823252013227,0.07,Sh
SDSS J155000.46+415811.2,1237659133289693380,0.07,
SDSS J093351.45+223520.8,1237667210512891953,0.06,C
SDSS J081917.11+345939.4,1237674289684218177,0.07,
SDSS J121701.19+490145.4,1237658203437531291,0.08,F
SDSS J121614.40+462050.9,1237661355933499464,0.05,F
SDSS J112714.09+442103.1,1237661872936321097,0.07,F
SDSS J121905.96+165814.7,1237668623549268051,0.07,Sh
SDSS J131147.96+450518.2,1237661852010283210,0.05,Sh
SDSS J072007.48+402321.2,1237663788486361368,0.06,
SDSS J130252.46+074050.3,1237661976014946452,0.06,F
SDSS J160026.66+163736.0,1237665549437370485,0.05,
SDSS J160138.37+070634.0,1237661949741695045,0.06,
SDSS J114736.10+383550.7,1237662223527837786,0.06,F
SDSS J122439.40+245659.5,1237667447267197042,0.05,Sh
SDSS J150530.01+395749.9,1237661362379882515,0.08,C
SDSS J141920.65+043623.3,1237654880736968833,0.07,F
SDSS J130646.14+201133.9,1237668298745774104,0.07,F
SDSS J114132.38+190349.1,1237668292838686804,0.06,Sh
SDSS J152616.88+083447.6,1237661949737763282,0.07,F
SDSS J125921.46+450831.4,1237661873480335409,0.06,C
SDSS J074918.64+292635.6,1237657118941643083,0.09,
SDSS J095127.35+055337.7,1237658423548510457,0.06,Sh
SDSS J082323.32+564643.3,1237663786884202598,0.06,F
SDSS J133306.06+322625.3,1237665126940082221,0.08,C
SDSS J132446.97+451348.6,1237661360224010257,0.07,Sh
SDSS J103438.59+393828.2,1237661138498682930,0.07,C
SDSS J095231.56+154631.6,1237668288543719458,0.04,F
SDSS J152356.49+380719.6,1237661465447301355,0.05,F
SDSS J133613.43+102841.5,1237662264848941059,0.08,Sh
SDSS J114148.04+200613.4,1237667915953274946,0.07,F
SDSS J151036.11+410316.9,1237658204524970039,0.05,C
SDSS J100405.25+311107.6,1237664336632741928,0.07,F
SDSS J103625.67+583322.2,1237658304889487581,0.08,F
SDSS J114223.71+101550.9,1237660614513000572,0.04,F
SDSS J150530.55+083127.6,1237662264858574946,0.04,Sh
SDSS J131933.40+165911.6,1237668590266155130,0.07,F
SDSS J094508.97+683540.4,1237663917885554734,0.07,
SDSS J082224.79+253032.6,1237661125612077126,0.06,Sh
SDSS J112530.43+632646.7,1237651065203064903,0.12,
SDSS J091039.67+502247.4,1237655108902584442,0.06,F
SDSS J131903.09+393521.6,1237662225683054766,0.09,Sh
SDSS J210107.74-001142.6,1237663543139565616,0.1,
SDSS J124957.86+274920.7,1237667323796783113,0.08,C
SDSS J114803.36+302133.5,1237667212137005114,0.07,Sh
SDSS J205527.62-011330.8,1237656567038935144,0.08,
SDSS J120411.30+202435.4,1237668298739351591,0.03,C
SDSS J012858.64-005656.4,1237657069546242361,0.06,
SDSS J115607.19+552326.7,1237658802573410381,0.07,F
SDSS J134516.17+231308.2,1237667911138672682,0.09,F
SDSS J143855.08+203024.1,1237665565535502381,0.04,Sh
SDSS J081600.79+270433.1,1237660765908893968,0.09,
SDSS J080538.66+261005.4,1237660343925997780,0.05,
SDSS J123713.53+492653.6,1237658203975844003,0.1,C
SDSS J111816.68+281537.5,1237667210523508832,0.07,C
SDSS J112444.80+233653.7,1237667910587711520,0.07,F
SDSS J121155.12+161353.7,1237664292075077715,0.09,F
SDSS J134938.78+041417.8,1237655125019263012,0.08,F
SDSS J144414.73+041306.7,1237651822711603220,0.08,F
SDSS J112306.93+651506.6,1237654400764149907,0.08,
SDSS J145459.83+621633.3,1237654949445501118,0.04,
SDSS J162621.91+405442.7,1237655373035995195,0.11,
SDSS J170654.71+301611.1,1237655373578764314,0.09,
SDSS J142237.07+595551.2,1237655465922658349,0.08,V
SDSS J073906.02+290936.2,1237657595682030119,0.1,
SDSS J105359.85+493934.9,1237657628449439839,0.05,C
SDSS J144117.16+442843.8,1237658205059022980,0.04,V
SDSS J143409.98+540444.0,1237659148310872204,0.04,C
SDSS J162133.88+380030.8,1237659162813530234,0.08,
SDSS J095524.67+410916.2,1237660343400988821,0.11,Sh
SDSS J114242.00+085224.8,1237660612902387818,0.1,C
SDSS J165728.60+223557.6,1237661465995248061,0.09,
SDSS J151932.66+095736.0,1237662200431968509,0.07,F
SDSS J134205.95+370228.3,1237662223537733685,0.05,F
SDSS J153551.88+060328.9,1237662269150396885,0.07,C
SDSS J081618.48+522518.9,1237663546902053108,0.07,
SDSS J081314.18+522731.4,1237663547438792835,0.08,
SDSS J133130.19+333223.4,1237665024911540261,0.06,C
SDSS J153726.08+214437.7,1237665372257255598,0.05,C
SDSS J143727.86+254556.0,1237665429173108785,0.06,Sh
SDSS J132324.62+263236.8,1237665531706605713,0.12,F
SDSS J160619.53+162553.1,1237665532260581478,0.07,
SDSS J161839.62+153330.1,1237665532798763287,0.04,
SDSS J114715.04+191033.6,1237668292839276657,0.11,F
SDSS J080241.90+345640.7,1237674367530762513,0.11,
SDSS J023143.18+005415.8,1237678617434456201,0.07,
